continent,TotalDeaths,DeathPercentage
Europe,1016750,31.97120
"North America",847942,26.66312
"South America",672415,21.14376
Asia,520269,16.35960
Africa,121784,3.82944
Oceania,1046,0.03289
